"Transaktion Nr","Room ID","Log Timestamp","Occupant","Logged Event"
"001","ROOM-asTc21","1645716391","CUST-000001","IN"
"002","ROOM-a9k6Lz","1645716620","CUST-A-zcYlrv","OUT"
"003","ROOM-SGIbqy","1645716807","CUST-000000","IN"
"005","ROOM-BkhvFr","1645719063","CUST-A-hHCrUK","OUT"
"007","ROOM-FpoZfr","1645726263","CUST-A-gqgK8V","OUT"
"008","ROOM-Ehkbke","1645729863","CUST-000000","IN"
"009","ROOM-asTc21","1645733463","CUST-000001","OUT"
"010","ROOM-PnUaBz","1645737064","CUST-000000","IN"
"011","ROOM-um5HIH","1645740664","CUST-A-O390NT","OUT"
"012","ROOM-AmmTs9","1645762263","CUST-A-k6HkIo","OUT"
"013","ROOM-7hcvLE","1645765863","CUST-000000","IN"
"014","ROOM-H89haQ","1645769464","CUST-A-miZN0a","OUT"
"015","ROOM-um5HIH","1645722663","CUST-000002","IN"
"016","ROOM-DlSrPS","1645773064","CUST-A-329349","IN"
"017","ROOM-oIHYwy","1645780263","CUST-A-360146","IN"
"018","ROOM-DlSrPS","1645780453","CUST-A-329349","OUT"
"019","ROOM-7hcvLE","1645780486","CUST-000000","OUT"
"020","ROOM-7Stj1b","1645780503","CUST-A-RvrLgW","OUT"
"021","ROOM-7KYscW","1645781054","CUST-A-xmVafE","IN"
"022","ROOM-Fj74aH","1645781602","CUST-A-zhDVOd","IN"
"023","ROOM-RFMrD9","1645781619","CUST-A-iOxAAA","IN"
"024","ROOM-lVPeSS","1645781646","CUST-A-TAHuCv","IN"
"025","ROOM-vyVmSJ","1645783863","CUST-A-UwowIl","OUT"
"026","ROOM-dEKZyY","1645787463","CUST-530572","IN"
"027","ROOM-SGIbqy","1645791063","CUST-000000","OUT"
"028","ROOM-cChHgn","1645794663","CUST-A-5FNpYR","IN"
"029","ROOM-ZlE6a5","1645798264","CUST-A-sOwaSk","OUT"
"030","ROOM-DpZzZw","1645801864","CUST-A-329349","IN"
"031","ROOM-DpZzZw","1645805463","CUST-A-329349","OUT"
"032","ROOM-bptj0A","1645809063","CUST-433460","IN"
"033","ROOM-dqqs6n","1645812663","CUST-A-SfnL3F","OUT"
"034","ROOM-asTc21","1645816263","CUST-66220","IN"
"035","ROOM-sywgd4","1645819863","CUST-A-TV2I31","OUT"
"036","ROOM-isFwgA","1645823463","CUST-957788","IN"
"037","ROOM-Dp6zZ8","1645827063","CUST-A-Ik9sXz","OUT"
"038","ROOM-um5HIH","1645852263","CUST-493706","IN"
"039","ROOM-IXPNaE","1645855863","CUST-A-oYjktc","OUT"
"040","ROOM-k7LBqM","1645859463","CUST-267837","IN"
"041","ROOM-wy6f9U","1645863063","CUST-A-IGrq1E","OUT"
"042","ROOM-7hcvLE","1645866663","CUST-A-wz1m8B","IN"
"043","ROOM-Fj74aH","1645870263","CUST-A-zhDVOd","OUT"
"044","ROOM-AmmTs9","1645873864","CUST-A-eYzPVq","IN"
"045","ROOM-um5HIH","1645877464","CUST-493706","OUT"
"046","ROOM-9hFlrw","1645881063","CUST-785190","IN"
"047","ROOM-nqKRkf","1645884663","CUST-A-K5gPiV","OUT"
"048","ROOM-396Tzq","1645888263","CUST-263286","IN"
"049","ROOM-123","1645891863","CUST-A-Uag4XH","OUT"
"050","ROOM-7Stj1b","1645895463","CUST-779979","IN"
"051","ROOM-7KYscW","1645899063","CUST-A-xmVafE","OUT"
"052","ROOM-7hxZNi","1645902664","CUST-493706","IN"
"053","ROOM-PnUaBz","1645906264","CUST-000000","OUT"
"054","ROOM-pYb5Wn","1645909863","null","IN"
"055","ROOM-AmmTs9","1645913463","CUST-A-eYzPVq","OUT"
"056","ROOM-hcIjen","1645938664","CUST-A-ThfHqh","IN"
"057","ROOM-lVPeSS","1645942263","CUST-A-TAHuCv","OUT"
"058","ROOM-7hcvLE","1645945863","CUST-A-i53DIX","IN"
"059","ROOM-XRdca4","1645949463","CUST-A-ItWfog","OUT"
"060","ROOM-PnUaBz","1645953063","CUST-295119","IN"
"061","ROOM-P3PoJ4","1645956664","CUST-A-i4dfjz","OUT"
"062","ROOM-lVPeSS","1645960263","CUST-251529","IN"
"063","ROOM-hjlAmm","1645963863","CUST-A-HVu2Zs","OUT"
"064","ROOM-t44Rsv","1645967463","CUST-629960","IN"
"065","ROOM-0l16LD","1645971063","CUST-A-rDMoOy","OUT"
"066","ROOM-17j3ep","1645974663","CUST-267837","IN"
"067","ROOM-Ehkbke","1645978263","CUST-000000","OUT"
"068","ROOM-Dp6zZ8","1645981864","CUST-779979","IN"
"069","ROOM-bptj0A","1645985463","CUST-433460","OUT"
"070","ROOM-BkhvFr","1645989063","CUST-909859","IN"
"071","ROOM-cChHgn","1645992663","CUST-A-5FNpYR","OUT"
"072","ROOM-123","1645996263","CUST-32541","IN"
"073","ROOM-7LLBqM","1645999863","CUST-A-4gKbQ3","OUT"
"074","ROOM-nqKRkf","1646025064","CUST-447326","IN"
"075","ROOM-Dp6zZ8","1646028664","CUST-779979","OUT"
"076","ROOM-DlSrPS","1645773064","CUST-A-329349","IN"
"077","ROOM-oIHYwy","1645780263","CUST-A-360146","IN"
"078","ROOM-DlSrPS","1645780453","CUST-A-329349","OUT"
"079","ROOM-7hcvLE","1645780486","CUST-000000","OUT"
"080","ROOM-7Stj1b","1645780503","CUST-A-RvrLgW","OUT"
"081","ROOM-7KYscW","1645781054","CUST-A-xmVafE","IN"
"082","ROOM-Fj74aH","1645781602","CUST-A-zhDVOd","IN"
"083","ROOM-RFMrD9","1645781619","CUST-A-iOxAAA","IN"
"084","ROOM-lVPeSS","1645781646","CUST-A-TAHuCv","IN"
"085","ROOM-vyVmSJ","1645783863","CUST-A-UwowIl","OUT"
"086","ROOM-dEKZyY","1645787463","CUST-530572","IN"
"087","ROOM-SGIbqy","1645791063","CUST-000000","OUT"
"088","ROOM-cChHgn","1645794663","CUST-A-5FNpYR","IN"
"089","ROOM-ZlE6a5","1645798264","CUST-A-sOwaSk","OUT"
"090","ROOM-DpZzZw","1645801864","CUST-A-329349","IN"
"091","ROOM-DpZzZw","1645805463","CUST-A-329349","OUT"
"092","ROOM-bptj0A","1645809063","CUST-433460","IN"
"093","ROOM-dqqs6n","1645812663","CUST-A-SfnL3F","OUT"
"094","ROOM-asTc21","1645816263","CUST-66220","IN"
"095","ROOM-sywgd4","1645819863","CUST-A-TV2I31","OUT"
"096","ROOM-isFwgA","1645823463","CUST-957788","IN"
"097","ROOM-Dp6zZ8","1645827063","CUST-A-Ik9sXz","OUT"
"098","ROOM-um5HIH","1645852263","CUST-493706","IN"
"099","ROOM-IXPNaE","1645855863","CUST-A-oYjktc","OUT"
"100","ROOM-k7LBqM","1645859463","CUST-267837","IN"
"101","ROOM-wy6f9U","1645863063","CUST-A-IGrq1E","OUT"
"102","ROOM-7hcvLE","1645866663","CUST-A-wz1m8B","IN"
"103","ROOM-Fj74aH","1645870263","CUST-A-zhDVOd","OUT"
"104","ROOM-AmmTs9","1645873864","CUST-A-eYzPVq","IN"
"105","ROOM-um5HIH","1645877464","CUST-493706","OUT"
"106","ROOM-9hFlrw","1645881063","CUST-785190","IN"
"107","ROOM-nqKRkf","1645884663","CUST-A-K5gPiV","OUT"
"108","ROOM-396Tzq","1645888263","CUST-263286","IN"
"109","ROOM-123","1645891863","CUST-A-Uag4XH","OUT"
"110","ROOM-7Stj1b","1645895463","CUST-779979","IN"
"111","ROOM-7KYscW","1645899063","CUST-A-xmVafE","OUT"
"112","ROOM-7hxZNi","1645902664","CUST-493706","IN"
"113","ROOM-PnUaBz","1645906264","CUST-000000","OUT"
"114","ROOM-pYb5Wn","1645909863","null","IN"
"115","ROOM-AmmTs9","1645913463","CUST-A-eYzPVq","OUT"
"116","ROOM-hcIjen","1645938664","CUST-A-ThfHqh","IN"
"117","ROOM-lVPeSS","1645942263","CUST-A-TAHuCv","OUT"
"118","ROOM-hjlAmm","1645945863","CUST-A-i53DIX","IN"
"119","ROOM-XRdca4","1645949463","CUST-A-ItWfog","OUT"
"120","ROOM-PnUaBz","1645953063","CUST-295119","IN"
"121","ROOM-P3PoJ4","1645956664","CUST-A-i4dfjz","OUT"
"122","ROOM-lVPeSS","1645960263","CUST-251529","IN"
"123","ROOM-hjlAmm","1645963863","CUST-A-HVu2Zs","OUT"
"124","ROOM-t44Rsv","1645967463","CUST-629960","IN"
"125","ROOM-0l16LD","1645971063","CUST-A-rDMoOy","OUT"
"126","ROOM-17j3ep","1645974663","CUST-267837","IN"
"127","ROOM-Ehkbke","1645978263","CUST-000000","OUT"
"128","ROOM-Dp6zZ8","1645981864","CUST-779979","IN"
"129","ROOM-bptj0A","1645985463","CUST-433460","OUT"
"130","ROOM-BkhvFr","1645989063","CUST-909859","IN"
"131","ROOM-cChHgn","1645992663","CUST-A-5FNpYR","OUT"
"132","ROOM-123","1645996263","CUST-32541","IN"
"133","ROOM-7LLBqM","1645999863","CUST-A-4gKbQ3","OUT"
"134","ROOM-nqKRkf","1646025064","CUST-447326","IN"
"135","ROOM-Dp6zZ8","1646028664","CUST-779979","OUT"
"136","ROOM-dqqs6n","1646032264","CUST-670665","IN"
"137","ROOM-d1xuhz","1646035864","CUST-A-QhKU60","OUT"
"138","ROOM-vnyC5O","1646039463","CUST-159246","IN"
"139","ROOM-k7LBqM","1646043063","CUST-267837","OUT"
"140","ROOM-P3PoJ4","1646046664","CUST-A-SJJRGt","IN"
"141","ROOM-PnUaBz","1646050263","CUST-295119","OUT"
"142","ROOM-DlSrPS","1646053863","CUST-A-ThfHqh","IN"
"143","ROOM-dqqs6n","1646057463","CUST-670665","OUT"
"144","ROOM-um5HIH","1646061063","CUST-470434","IN"
"145","ROOM-TAcuds","1646064663","CUST-A-VjY7Rm","OUT"
"146","ROOM-Fj74aH","1646068263","CUST-771795","IN"
"147","ROOM-hcIjen","1646071863","CUST-A-ThfHqh","OUT"
"148","ROOM-AmmTs9","1646075463","CUST-48352","IN"
"149","ROOM-AmmTs9","1646079063","CUST-48352","OUT"
"150","ROOM-DpZzZw","1646082663","CUST-A-wI3rDw","IN"
"151","ROOM-7hxZNi","1646086263","CUST-493706","OUT"
"152","ROOM-TAcuds","1646111464","CUST-954224","IN"
"153","ROOM-BkhvFr","1646115063","CUST-909859","OUT"
"154","ROOM-bptj0A","1646118663","CUST-957788","IN"
"155","ROOM-um5HIH","1646122263","CUST-470434","OUT"
"156","ROOM-7LLBqM","1646125863","CUST-267837","IN"
"157","ROOM-lVPeSS","1646129463","CUST-251529","OUT"
"158","ROOM-9hFlrw","1646133063","CUST-972785","IN"
"159","ROOM-isFwgA","1646136663","CUST-957788","OUT"
"160","ROOM-XRdca4","1646140263","CUST-528368","IN"
"161","ROOM-asTc21","1646143864","CUST-66220","OUT"
"162","ROOM-PnUaBz","1646147464","CUST-615644","IN"
"163","ROOM-nqKRkf","1646151063","CUST-447326","OUT"
"164","ROOM-0l16LD","1646154663","CUST-A-xmVafE","IN"
"165","ROOM-7hcvLE","1646158263","CUST-A-wz1m8B","OUT"
"166","ROOM-H89haQ","1646161863","CUST-66220","IN"
"167","ROOM-RFMrD9","1646165463","CUST-A-iOxAAA","OUT"
"168","ROOM-vnyC5O","1646169063","CUST-870680","IN"
"169","ROOM-9hFlrw","1646172664","CUST-785190","OUT"
"170","ROOM-SGIbqy","1646197864","CUST-66220","IN"
"171","ROOM-dEKZyY","1646201463","CUST-530572","OUT"
"172","ROOM-BkhvFr","1646205063","CUST-273364","IN"
"173","ROOM-1dSpLL","1646208663","CUST-A-SJJRGt","OUT"
"174","ROOM-d1xuhz","1646212263","CUST-727545","IN"
"175","ROOM-P3PoJ4","1646215863","CUST-A-SJJRGt","OUT"
"176","ROOM-RFMrD9","1646219463","CUST-482312","IN"
"177","ROOM-oIHYwy","1646223063","CUST-A-360146","OUT"
"178","ROOM-hcIjen","1646226663","CUST-A-L6cShG","IN"
"179","ROOM-pYb5Wn","1646230264","null","OUT"
"180","ROOM-sywgd4","1646233864","CUST-779979","IN"
"181","ROOM-vnyC5O","1646237463","CUST-159246","OUT"
"182","ROOM-123","1646241063","CUST-490159","IN"
"183","ROOM-396Tzq","1646244663","CUST-263286","OUT"
"184","ROOM-qvCxUX","1646248263","CUST-711181","IN"
"185","ROOM-123","1646251863","CUST-32541","OUT"
"186","ROOM-nqKRkf","1646255463","CUST-770440","IN"
"187","ROOM-7Stj1b","1646259063","CUST-779979","OUT"
"188","ROOM-PnUaBz","1646295063","CUST-615644","OUT"
"189","ROOM-k7LBqM","1646298663","CUST-263286","IN"
"190","ROOM-9hFlrw","1646302263","CUST-972785","OUT"
"191","ROOM-7KYscW","1646305863","CUST-273364","IN"
"192","ROOM-XRdca4","1646309463","CUST-528368","OUT"
"193","ROOM-ZvCxUX","1646313063","CUST-32886","IN"
"194","ROOM-sywgd4","1646316663","CUST-779979","OUT"
"195","ROOM-um5HIH","1646320264","CUST-552251","IN"
"196","ROOM-RFMrD9","1646323864","CUST-482312","OUT"
"197","ROOM-7hxZNi","1646327464","CUST-296421","IN"
"198","ROOM-vnyC5O","1646331063","CUST-870680","OUT"
"199","ROOM-Ne9PAc","1646334663","CUST-A-5FNpYR","IN"
"200","ROOM-DpZzZw","1646338263","CUST-A-wI3rDw","OUT"
"201","ROOM-5bIFPZ","1646341863","CUST-273364","IN"
"202","ROOM-hcIjen","1646345463","CUST-A-L6cShG","OUT"
"203","ROOM-Dp6zZ8","1646370663","CUST-A-360146","IN"
"204","ROOM-0l16LD","1646374264","CUST-A-xmVafE","OUT"
"205","ROOM-Ehkbke","1646378177","CUST-994748","IN"
"206","ROOM-a9k6Lz","1645483471","CUST-A-zcYlrv","IN"
"207","ROOM-BkhvFr","1645516583","CUST-A-hHCrUK","IN"
"208","ROOM-FpoZfr","1645520008","CUST-A-gqgK8V","IN"
"209","ROOM-um5HIH","1645557858","CUST-A-O390NT","IN"
"210","ROOM-AmmTs9","1645535529","CUST-A-k6HkIo","IN"
"211","ROOM-H89haQ","1645608385","CUST-A-miZN0a","IN"
"212","ROOM-7Stj1b","1645743913","CUST-A-RvrLgW","IN"
"213","ROOM-vyVmSJ","1645695124","CUST-A-UwowIl","IN"
"214","ROOM-ZlE6a5","1645780484","CUST-A-sOwaSk","IN"
"215","ROOM-dqqs6n","1645805972","CUST-A-SfnL3F","IN"
"216","ROOM-sywgd4","1645719855","CUST-A-TV2I31","IN"
"217","ROOM-Dp6zZ8","1645728830","CUST-A-Ik9sXz","IN"
"218","ROOM-IXPNaE","1645618424","CUST-A-oYjktc","IN"
"219","ROOM-wy6f9U","1645691265","CUST-A-IGrq1E","IN"
"220","ROOM-nqKRkf","1645876579","CUST-A-K5gPiV","IN"
"221","ROOM-123","1645689709","CUST-A-Uag4XH","IN"
"222","ROOM-XRdca4","1645888853","CUST-A-ItWfog","IN"
"223","ROOM-P3PoJ4","1645721463","CUST-A-i4dfjz","IN"
"224","ROOM-hjlAmm","1645730794","CUST-A-HVu2Zs","IN"
"225","ROOM-0l16LD","1645851204","CUST-A-rDMoOy","IN"
"226","ROOM-7LLBqM","1645987807","CUST-A-4gKbQ3","IN"
"227","ROOM-7hxZNi","1646381463","CUST-296421","OUT"
"228","ROOM-Fj74aH","1646385063","CUST-445708","IN"
"229","ROOM-t44Rsv","1646388663","CUST-629960","OUT"
"230","ROOM-k7LBqM","1646392263","CUST-242791","IN"
"231","ROOM-TAcuds","1646395863","CUST-954224","OUT"
"232","ROOM-PnUaBz","1646399463","CUST-509672","IN"
"233","ROOM-7LLBqM","1646403063","CUST-267837","OUT"
"234","ROOM-7Stj1b","1646406664","CUST-125079","IN"
"235","ROOM-isFwgA","1646410264","CUST-125079","OUT"
"236","ROOM-P3PoJ4","1646413863","CUST-66220","IN"
"237","ROOM-hjlAmm","1646417463","CUST-A-i53DIX","OUT"
"238","ROOM-dqqs6n","1646421063","CUST-659096","IN"
"239","ROOM-7KYscW","1646424663","CUST-273364","OUT"
"240","ROOM-k7LBqM","1646428263","CUST-893903","IN"
"241","ROOM-ZvCxUX","1646431863","CUST-32886","OUT"
"242","ROOM-g4WrrK","1646457063","CUST-339396","IN"
"243","ROOM-Fj74aH","1646460664","CUST-445708","OUT"
"244","ROOM-XRdca4","1646464264","CUST-909315","IN"
"245","ROOM-SGIbqy","1646467863","CUST-66220","OUT"
"246","ROOM-DlSrPS","1646471463","CUST-614195","IN"
"247","ROOM-7hcvLE","1646475063","CUST-A-i53DIX","OUT"
"248","ROOM-a9k6Lz","1646478663","CUST-A-i53DIX","IN"
"249","ROOM-5bIFPZ","1646482263","CUST-273364","OUT"
"250","ROOM-9hFlrw","1646485863","CUST-770440","IN"
"251","ROOM-nqKRkf","1646489464","CUST-770440","OUT"
"252","ROOM-7KYscW","1646493064","CUST-144755","IN"
"253","ROOM-a9k6Lz","1646496663","CUST-A-i53DIX","OUT"
"254","ROOM-1dSpLL","1646500263","CUST-144972","IN"
"255","ROOM-Ehkbke","1646503863","CUST-994748","OUT"
"256","ROOM-hcIjen","1646507463","CUST-109182","IN"
"257","ROOM-P3PoJ4","1646511063","CUST-66220","OUT"
"258","ROOM-t44Rsv","1646514663","CUST-490159","IN"
"259","ROOM-17j3ep","1646518263","CUST-267837","OUT"
"260","ROOM-396Tzq","1646543463","CUST-394230","IN"
"261","ROOM-g4WrrK","1646547063","CUST-339396","OUT"
"262","EXAMPLE-000","1646559166","WANDA TEROVA","IN"
"263","QWERTZUIO","123454321","XXXTESTXXX","IN"
"266","ROOM-IXPNaE","1646550663","CUST-994748","IN"
"267","ROOM-1dSpLL","1646554264","CUST-144972","OUT"
"268","ROOM-sywgd4","1646557864","CUST-125079","IN"
"269","ROOM-t44Rsv","1646561463","CUST-490159","OUT"
"270","ROOM-isFwgA","1646565063","CUST-469280","IN"
"271","ROOM-7Stj1b","1646568663","CUST-125079","OUT"
"272","ROOM-ZlE6a5","1646572263","CUST-304680","IN"
"273","ROOM-dqqs6n","1646575863","CUST-659096","OUT"
"274","ROOM-GEY0DA","1646579463","CUST-582883","IN"
"275","ROOM-396Tzq","1646583064","CUST-394230","OUT"
"276","ROOM-0l16LD","1646586664","CUST-509672","IN"
"277","ROOM-FpoZfr","1646590263","CUST-812932","OUT"
"278","ROOM-vyVmSJ","1646593863","CUST-659096","IN"
"280","ROOM-AmmTs9","1646601063","CUST-600840","IN"
"281","ROOM-ZlE6a5","1646604663","CUST-304680","OUT"
"282","ROOM-t44Rsv","1646629863","CUST-267837","IN"
"283","ROOM-isFwgA","1646633463","CUST-469280","OUT"
"284","ROOM-dEKZyY","1646637063","CUST-32187","IN"
"285","ROOM-AmmTs9","1646640663","CUST-600840","OUT"
"286","ROOM-a9k6Lz","1646644263","CUST-75903","IN"
"287","ROOM-hcIjen","1646647863","CUST-109182","OUT"
"288","ROOM-Ehkbke","1646651464","CUST-864666","IN"
"289","ROOM-um5HIH","1646655063","CUST-552251","OUT"
"291","ROOM-d1xuhz","1646662263","CUST-727545","OUT"
"292","ROOM-7LLBqM","1646665863","CUST-32187","IN"
"293","ROOM-XRdca4","1646669463","CUST-909315","OUT"
"294","ROOM-hcIjen","1646673063","CUST-199704","IN"
"295","ROOM-7LLBqM","1646676664","CUST-32187","OUT"
"296","ROOM-vnyC5O","1646680264","CUST-986475","IN"
"297","ROOM-BkhvFr","1646683863","CUST-273364","OUT"
"298","ROOM-396Tzq","1646687463","CUST-216285","IN"
"299","ROOM-396Tzq","1646691063","CUST-216285","OUT"
"300","ROOM-ZlE6a5","1646716263","CUST-452547","IN"
"301","ROOM-GEY0DA","1646719863","CUST-582883","OUT"
"302","ROOM-7Stj1b","1646723463","CUST-507977","IN"
"303","ROOM-7Stj1b","1646723463","CUST-507977","IN"
"304","ROOM-vnyC5O","1646727063","CUST-986475","OUT"
"305","ROOM-Fj74aH","1646730663","CUST-507977","IN"
"306","ROOM-ZlE6a5","1646734263","CUST-452547","OUT"
"307","ROOM-nqKRkf","1646737863","CUST-32187","IN"
"308","ROOM-sywgd4","1646741464","CUST-125079","OUT"
"309","ROOM-wy6f9U","1646745064","CUST-277191","IN"
"310","ROOM-Ehkbke","1646748663","CUST-864666","OUT"
"311","ROOM-FpoZfr","1646752263","CUST-299062","IN"
"312","ROOM-Ve0925","1646755863","CUST-A-wI3rDw","OUT"
"313","ROOM-ZvCxUX","1646759463","CUST-860327","IN"
"314","ROOM-123","1646763063","CUST-490159","OUT"
"315","ROOM-k7LBqM","1646766663","CUST-994748","IN"
"316","ROOM-0l16LD","1646770263","CUST-509672","OUT"
"317","ROOM-sywgd4","1646773864","CUST-144755","IN"
"318","ROOM-lVPeSS","1646802664","CUST-490159","IN"
"319","ROOM-7KYscW","1646806263","CUST-144755","OUT"
"320","ROOM-pYb5Wn","1646809863","CUST-770440","IN"
"321","ROOM-qvCxUX","1646813463","CUST-711181","OUT"
"322","ROOM-7hxZNi","1646817063","CUST-810747","IN"
"323","ROOM-dqqs6n","1646824263","CUST-593673","IN"
"324","ROOM-pYb5Wn","1646827863","CUST-770440","OUT"
"325","ROOM-cChHgn","1646831464","CUST-194523","IN"
"326","ROOM-DlSrPS","1646835064","CUST-614195","OUT"
"327","ROOM-asTc21","1646838663","CUST-A-zhDVOd","IN"
"328","ROOM-asTc21","1646842263","CUST-A-zhDVOd","OUT"
"329","ROOM-H89haQ","1646845863","CUST-267837","IN"
"330","ROOM-wy6f9U","1646849463","CUST-277191","OUT"
"331","ROOM-BkhvFr","1646853063","CUST-627957","IN"
"332","ROOM-Ne9PAc","1646856664","CUST-A-5FNpYR","OUT"
"333","ROOM-XRdca4","1646860264","CUST-599846","IN"
"334","ROOM-FpoZfr","1646863863","CUST-299062","OUT"
"335","ROOM-RFMrD9","1646889063","CUST-781364","IN"
"336","ROOM-Fj74aH","1646892663","CUST-507977","OUT"
"337","ROOM-Ve0925","1646896263","CUST-987632","IN"
"338","ROOM-bptj0A","1646899863","CUST-957788","OUT"
"339","ROOM-isFwgA","1646903463","CUST-408981","IN"
"340","ROOM-XRdca4","1646907063","CUST-599846","OUT"
"341","ROOM-cChHgn","1646910663","CUST-860327","IN"
"342","ROOM-sywgd4","1646914264","CUST-144755","OUT"
"343","ROOM-396Tzq","1646917863","CUST-509672","IN"
"344","ROOM-t44Rsv","1646921464","CUST-267837","OUT"
"345","ROOM-Ne9PAc","1646932263","CUST-64335","IN"
"346","ROOM-396Tzq","1646935863","CUST-509672","OUT"
"347","ROOM-d1xuhz","1646939464","CUST-709440","IN"
"348","ROOM-9hFlrw","1646943064","CUST-770440","OUT"
"349","ROOM-XRdca4","1646946664","CUST-770440","IN"
"350","ROOM-XRdca4","1646950263","CUST-770440","OUT"
"351","ROOM-sywgd4","1646975464","CUST-245328","IN"
"352","ROOM-sywgd4","1646979063","CUST-245328","OUT"
"353","ROOM-P3PoJ4","1646982663","CUST-A-5FNpYR","IN"
"354","ROOM-H89haQ","1646986263","CUST-267837","OUT"
"355","ROOM-ZvCxUX","1646993463","CUST-860327","OUT"
"356","ROOM-k7LBqM","1646997064","CUST-266784","IN"
"357","ROOM-d1xuhz","1647000664","CUST-709440","OUT"
"358","ROOM-H89haQ","1647004263","CUST-195171","IN"
"359","ROOM-P3PoJ4","1647007863","CUST-A-5FNpYR","OUT"
"360","ROOM-DpZzZw","1647011463","CUST-834570","IN"
"361","ROOM-dqqs6n","1647015063","CUST-593673","OUT"
"362","ROOM-oIHYwy","1647018663","CUST-659096","IN"
"363","ROOM-Dp6zZ8","1647022263","CUST-A-360146","OUT"
"364","ROOM-t44Rsv","1647025864","CUST-64335","IN"
"365","ROOM-t44Rsv","1647029464","CUST-64335","OUT"
"366","ROOM-DlSrPS","1647033063","CUST-517150","IN"
"367","ROOM-nqKRkf","1647036663","CUST-32187","OUT"
"368","ROOM-FpoZfr","1647061863","CUST-199704","IN"
"369","ROOM-IXPNaE","1647065464","CUST-994748","OUT"
"370","ROOM-5bIFPZ","1647069064","CUST-783025","IN"
"371","ROOM-DlSrPS","1647079863","CUST-517150","OUT"
"372","ROOM-XRdca4","1647090664","CUST-834570","IN"
"373","ROOM-oIHYwy","1647094264","CUST-659096","OUT"
"374","ROOM-DlSrPS","1647097864","CUST-509672","IN"
"375","ROOM-DlSrPS","1647101463","CUST-509672","OUT"
"376","ROOM-ZlE6a5","1647105063","CUST-315512","IN"
"377","ROOM-isFwgA","1647108663","CUST-408981","OUT"
"378","ROOM-k7LBqM","1647112263","CUST-692163","IN"
"379","ROOM-ZlE6a5","1647115863","CUST-315512","OUT"
"380","ROOM-Dp6zZ8","1647119464","CUST-175342","IN"
"381","ROOM-FpoZfr","1647123063","CUST-199704","OUT"
"382","ROOM-Ehkbke","1647148263","CUST-608289","IN"
"383","ROOM-dEKZyY","1647151863","CUST-32187","OUT"
"384","ROOM-um5HIH","1647155463","CUST-118135","IN"
"385","ROOM-Ehkbke","1647159063","CUST-608289","OUT"
"386","ROOM-k7LBqM","1647162663","CUST-195171","IN"
"387","ROOM-PnUaBz","1647166264","CUST-509672","OUT"
"388","ROOM-GEY0DA","1647169863","CUST-315512","IN"
"389","ROOM-GEY0DA","1647173463","CUST-315512","OUT"
"390","ROOM-sywgd4","1647177063","CUST-792176","IN"
"391","ROOM-um5HIH","1647180663","CUST-118135","OUT"
"392","ROOM-TAcuds","1647184264","CUST-863288","IN"
"393","ROOM-Dp6zZ8","1647187863","CUST-175342","OUT"
"394","ROOM-396Tzq","1647191463","CUST-153388","IN"
"395","ROOM-lVPeSS","1647195063","CUST-490159","OUT"
"396","ROOM-GEY0DA","1647198663","CUST-118135","IN"
"397","ROOM-TAcuds","1647202264","CUST-863288","OUT"
"398","ROOM-vnyC5O","1647205863","CUST-118135","IN"
"399","ROOM-7KYscW","1647234664","CUST-267837","IN"
"400","ROOM-RFMrD9","1647238263","CUST-781364","OUT"
"401","ROOM-cChHgn","1647241863","CUST-659096","IN"
"402","ROOM-sywgd4","1647245463","CUST-792176","OUT"
"403","ROOM-g4WrrK","1647249063","CUST-840033","IN"
"404","ROOM-GEY0DA","1647252663","CUST-118135","OUT"
"405","ROOM-qvCxUX","1647256264","CUST-700119","IN"
"406","ROOM-vyVmSJ","1647259863","CUST-659096","OUT"
"407","ROOM-Ehkbke","1647263463","CUST-17310","IN"
"408","ROOM-5bIFPZ","1647267063","CUST-783025","OUT"
"409","ROOM-t44Rsv","1647270663","CUST-987632","IN"
"410","ROOM-Ehkbke","1647274264","CUST-17310","OUT"
"411","ROOM-cChHgn","1647277863","CUST-840033","IN"
"412","ROOM-hcIjen","1647281463","CUST-199704","OUT"
"413","ROOM-k7LBqM","1647285063","CUST-836557","IN"
"414","ROOM-Ve0925","1647288663","CUST-987632","OUT"
"415","ROOM-DlSrPS","1647292264","CUST-212494","IN"
"416","ROOM-Ne9PAc","1647295863","CUST-64335","OUT"
"417","ROOM-lVPeSS","1647321063","CUST-205034","IN"
"418","ROOM-H89haQ","1647324663","CUST-195171","OUT"
"419","ROOM-FpoZfr","1647328263","CUST-184226","IN"
"420","ROOM-qvCxUX","1647331863","CUST-700119","OUT"
"421","ROOM-7LLBqM","1647335463","CUST-185849","IN"
"422","ROOM-FpoZfr","1647339063","CUST-184226","OUT"
"423","ROOM-ZlE6a5","1647342664","CUST-153388","IN"
"424","ROOM-g4WrrK","1647346263","CUST-840033","OUT"
"425","ROOM-123","1647349863","CUST-75903","IN"
"426","ROOM-DpZzZw","1647353463","CUST-834570","OUT"
"427","ROOM-FpoZfr","1647357063","CUST-4483","IN"
"428","ROOM-123","1647360664","CUST-75903","OUT"
"429","ROOM-Ve0925","1647364264","CUST-589001","IN"
"430","ROOM-DlSrPS","1647367863","CUST-212494","OUT"
"431","ROOM-5bIFPZ","1647371463","CUST-917907","IN"
"432","ROOM-7KYscW","1647375063","CUST-267837","OUT"
"433","ROOM-k7LBqM","1647378663","CUST-205034","IN"
"434","ROOM-396Tzq","1647382264","CUST-153388","OUT"
"435","ROOM-P3PoJ4","1647407463","CUST-524631","IN"
"436","ROOM-ZlE6a5","1647411063","CUST-153388","OUT"
"437","ROOM-Ne9PAc","1647414663","CUST-185849","IN"
